 [QUOTE_DATE],IV_Rank
2016-01-07,54.27
2016-01-08,57.94
2016-01-11,50.94
2016-01-12,47.84
2016-01-13,56.45
2016-01-14,54.85
2016-01-15,62.93
2016-01-19,64.52
2016-01-20,72.92
2016-01-21,66.63
2016-01-22,50.32
2016-01-25,61.77
2016-01-26,57.62
2016-01-27,59.57
2016-01-28,48.37
2016-01-29,3.03
2016-02-01,41.67
2016-02-02,47.02
2016-02-03,46.73
2016-02-04,46.13
2016-02-05,51.9
2016-02-08,56.84
2016-02-09,58.56
2016-02-10,57.58
2016-02-11,61.06
2016-02-12,51.63
2016-02-16,45.12
2016-02-17,42.42
2016-02-18,39.71
2016-02-19,35.72
2016-02-22,31.92
2016-02-23,38.3
2016-02-24,37.96
2016-02-25,28.67
2016-02-26,23.64
2016-02-29,9.38
2016-03-01,37.86
2016-03-02,35.65
2016-03-03,35.16
2016-03-04,34.85
2016-03-07,36.32
2016-03-08,39.83
2016-03-09,38.86
2016-03-10,37.65
2016-03-11,32.92
2016-03-14,33.1
2016-03-15,34.22
2016-03-16,29.86
2016-03-17,27.92
2016-03-18,25.45
2016-03-21,25.48
2016-03-22,25.44
2016-03-23,26.44
2016-03-24,22.57
2016-03-28,25.98
2016-03-29,21.04
2016-03-30,19.0
2016-04-01,26.11
2016-04-04,28.67
2016-04-05,32.24
2016-04-06,28.56
2016-04-07,34.11
2016-04-08,31.9
2016-04-11,34.1
2016-04-12,30.68
2016-04-13,27.35
2016-04-14,26.83
2016-04-15,27.1
2016-04-19,26.34
2016-04-20,26.34
2016-04-21,27.29
2016-04-22,24.06
2016-04-25,29.37
2016-04-26,31.31
2016-04-27,26.69
2016-04-28,31.28
2016-04-29,1.69
2016-05-02,28.51
2016-05-03,30.87
2016-05-04,32.88
2016-05-05,32.33
2016-05-06,30.0
2016-05-09,28.89
2016-05-10,25.5
2016-05-11,27.9
2016-05-12,27.26
2016-05-13,29.08
2016-05-16,26.4
2016-05-17,29.66
2016-05-18,29.91
2016-05-19,29.63
2016-05-20,24.49
2016-05-23,24.6
2016-05-24,20.33
2016-05-25,17.95
2016-05-26,14.47
2016-05-27,9.74
2016-05-31,3.32
2016-06-01,28.15
2016-06-02,27.18
2016-06-03,26.73
2016-06-06,27.41
2016-06-07,28.54
2016-06-08,27.89
2016-06-09,29.68
2016-06-10,35.62
2016-06-13,44.37
2016-06-14,45.69
2016-06-15,45.35
2016-06-16,43.19
2016-06-17,45.38
2016-06-20,44.95
2016-06-21,46.73
2016-06-22,58.92
2016-06-23,42.48
2016-06-24,63.14
2016-06-27,52.51
2016-06-28,42.54
2016-06-29,32.06
2016-07-01,28.69
2016-07-05,31.4
2016-07-06,30.23
2016-07-07,28.95
2016-07-08,24.09
2016-07-11,25.45
2016-07-12,25.05
2016-07-13,24.22
2016-07-14,21.98
2016-07-15,21.03
2016-07-18,21.97
2016-07-19,21.63
2016-07-20,19.91
2016-07-21,22.11
2016-07-22,17.33
2016-07-25,22.66
2016-07-26,24.5
2016-07-27,23.59
2016-07-28,27.24
2016-08-01,23.17
2016-08-02,25.68
2016-08-03,23.26
2016-08-04,22.76
2016-08-05,19.78
2016-08-08,19.66
2016-08-09,18.36
2016-08-10,19.86
2016-08-11,17.41
2016-08-12,16.64
2016-08-15,16.18
2016-08-16,19.17
2016-08-17,18.9
2016-08-18,15.69
2016-08-19,14.74
2016-08-22,16.27
2016-08-23,17.53
2016-08-24,22.26
2016-08-25,21.75
2016-08-26,19.35
2016-08-29,13.57
2016-08-30,10.98
2016-08-31,0.54
2016-09-01,34.94
2016-09-02,29.66
2016-09-06,29.38
2016-09-07,29.23
2016-09-08,30.57
2016-09-09,49.43
2016-09-12,41.83
2016-09-13,54.51
2016-09-14,53.5
2016-09-15,47.27
2016-09-16,44.48
2016-09-19,46.57
2016-09-20,49.75
2016-09-21,35.18
2016-09-22,27.03
2016-09-23,30.41
2016-09-26,49.81
2016-09-27,35.18
2016-09-28,29.07
2016-09-29,42.95
2016-10-03,35.65
2016-10-04,36.97
2016-10-05,33.51
2016-10-06,32.29
2016-10-07,32.44
2016-10-10,29.17
2016-10-11,37.77
2016-10-12,36.63
2016-10-13,38.67
2016-10-14,36.04
2016-10-17,37.82
2016-10-18,33.18
2016-10-19,30.8
2016-10-20,29.04
2016-10-21,26.57
2016-10-24,24.84
2016-10-25,26.87
2016-10-26,28.12
2016-10-27,25.18
2016-10-28,27.78
2016-11-01,51.34
2016-11-02,53.56
2016-11-03,60.04
2016-11-04,64.1
2016-11-07,51.61
2016-11-08,48.88
2016-11-09,36.53
2016-11-10,35.38
2016-11-11,33.79
2016-11-14,32.17
2016-11-15,27.89
2016-11-16,26.16
2016-11-17,24.61
2016-11-18,21.82
2016-11-21,20.97
2016-11-22,21.47
2016-11-23,19.38
2016-11-25,17.34
2016-11-28,25.62
2016-11-29,22.17
2016-12-01,36.98
2016-12-02,36.34
2016-12-05,30.35
2016-12-06,29.0
2016-12-07,29.72
2016-12-08,31.64
2016-12-09,28.58
2016-12-12,31.32
2016-12-13,30.89
2016-12-14,33.38
2016-12-15,30.0
2016-12-16,27.07
2016-12-19,23.73
2016-12-20,23.92
2016-12-21,23.09
2016-12-22,22.1
2016-12-23,21.03
2016-12-27,25.8
2016-12-28,28.65
2016-12-29,23.94
2016-12-30,1.29
2017-01-03,32.72
2017-01-04,28.59
2017-01-05,27.79
2017-01-06,27.33
2017-01-09,26.42
2017-01-10,24.99
2017-01-11,24.15
2017-01-12,24.21
2017-01-13,21.81
2017-01-17,22.88
2017-01-18,23.13
2017-01-19,24.24
2017-01-20,19.57
2017-01-23,21.09
2017-01-24,17.68
2017-01-25,17.19
2017-01-26,19.16
2017-01-27,14.7
2017-01-30,20.69
2017-02-01,29.52
2017-02-02,29.54
2017-02-03,25.46
2017-02-06,26.26
2017-02-07,25.4
2017-02-08,25.06
2017-02-09,24.1
2017-02-10,23.54
2017-02-13,24.61
2017-02-14,23.27
2017-02-15,28.41
2017-02-16,27.8
2017-02-17,21.74
2017-02-21,23.7
2017-02-22,24.72
2017-02-23,22.58
2017-02-24,17.82
2017-02-27,22.49
2017-03-01,35.55
2017-03-02,34.05
2017-03-03,29.72
2017-03-06,30.13
2017-03-07,31.31
2017-03-08,31.4
2017-03-09,33.18
2017-03-10,29.3
2017-03-13,29.15
2017-03-14,31.78
2017-03-15,29.88
2017-03-16,26.15
2017-03-17,25.25
2017-03-20,25.92
2017-03-21,39.76
2017-03-22,41.97
2017-03-23,47.97
2017-03-24,39.75
2017-03-27,36.97
2017-03-28,27.26
2017-03-29,24.55
2017-03-30,18.35
2017-04-03,34.74
2017-04-04,32.67
2017-04-05,35.63
2017-04-06,35.76
2017-04-07,37.19
2017-04-10,41.07
2017-04-11,42.76
2017-04-12,43.62
2017-04-13,46.14
2017-04-17,42.97
2017-04-18,47.21
2017-04-19,49.65
2017-04-20,45.5
2017-04-21,53.02
2017-04-24,24.97
2017-04-25,22.07
2017-04-26,20.85
2017-04-27,17.99
2017-05-01,25.33
2017-05-02,26.05
2017-05-03,25.82
2017-05-04,25.1
2017-05-05,24.28
2017-05-08,21.02
2017-05-09,22.76
2017-05-10,21.72
2017-05-11,23.38
2017-05-12,21.94
2017-05-15,19.57
2017-05-16,18.69
2017-05-17,44.06
2017-05-18,35.08
2017-05-19,25.24
2017-05-22,19.19
2017-05-23,18.71
2017-05-24,15.79
2017-05-25,14.42
2017-05-26,11.06
2017-05-30,4.49
2017-05-31,0.0
2017-06-01,25.12
2017-06-02,23.57
2017-06-05,24.74
2017-06-06,27.58
2017-06-07,26.64
2017-06-08,25.07
2017-06-09,26.8
2017-06-12,28.17
2017-06-13,24.13
2017-06-14,23.94
2017-06-15,26.35
2017-06-16,21.29
2017-06-19,19.62
2017-06-20,27.0
2017-06-21,25.37
2017-06-22,23.8
2017-06-23,17.7
2017-06-26,20.81
2017-06-27,34.83
2017-06-28,20.73
2017-06-29,31.69
2017-07-03,29.7
2017-07-05,27.38
2017-07-06,34.77
2017-07-07,27.93
2017-07-10,26.94
2017-07-11,33.81
2017-07-12,30.96
2017-07-13,28.13
2017-07-14,27.36
2017-07-17,28.03
2017-07-18,28.03
2017-07-19,24.84
2017-07-20,23.38
2017-07-21,20.85
2017-07-24,20.52
2017-07-25,21.93
2017-07-26,17.3
2017-07-27,20.92
2017-07-28,13.66
2017-07-31,0.0
2017-08-01,29.53
2017-08-02,30.43
2017-08-03,32.24
2017-08-04,29.63
2017-08-07,29.05
2017-08-08,33.83
2017-08-09,35.26
2017-08-10,57.99
2017-08-11,56.12
2017-08-14,38.54
2017-08-15,36.47
2017-08-16,33.11
2017-08-17,56.67
2017-08-18,54.22
2017-08-21,48.87
2017-08-22,36.16
2017-08-23,36.88
2017-08-24,38.63
2017-08-25,30.41
2017-08-28,32.19
2017-08-29,33.74
2017-08-30,24.18
2017-09-01,34.2
2017-09-05,42.22
2017-09-06,37.5
2017-09-07,36.88
2017-09-08,41.54
2017-09-11,29.72
2017-09-12,28.92
2017-09-13,28.8
2017-09-14,28.1
2017-09-15,26.86
2017-09-18,27.95
2017-09-19,30.45
2017-09-20,29.03
2017-09-21,27.81
2017-09-22,24.3
2017-09-25,30.6
2017-09-26,28.52
2017-09-28,18.45
2017-09-29,0.0
2017-10-02,30.07
2017-10-03,30.72
2017-10-04,28.81
2017-10-05,28.76
2017-10-06,28.26
2017-10-09,31.58
2017-10-10,30.26
2017-10-11,28.44
2017-10-12,28.76
2017-10-13,25.75
2017-10-16,26.7
2017-10-17,27.27
2017-10-18,26.95
2017-10-19,28.38
2017-10-20,24.11
2017-10-23,32.8
2017-10-24,30.21
2017-10-25,37.5
2017-10-26,31.81
2017-10-27,20.6
2017-10-30,14.57
2017-10-31,0.0
2017-11-01,34.98
2017-11-02,33.95
2017-11-03,28.5
2017-11-06,29.84
2017-11-07,31.75
2017-11-08,29.65
2017-11-09,34.38
2017-11-10,36.3
2017-11-13,35.09
2017-11-14,35.81
2017-11-15,44.23
2017-11-16,40.14
2017-11-17,38.55
2017-11-20,41.2
2017-11-21,33.23
2017-11-22,34.07
2017-11-24,33.79
2017-11-27,37.51
2017-11-28,39.22
2017-11-29,34.99
2017-11-30,13.9
2017-12-01,62.3
2017-12-04,63.27
2017-12-05,59.29
2017-12-06,57.12
2017-12-07,52.26
2017-12-08,48.18
2017-12-11,47.69
2017-12-12,49.07
2017-12-13,50.94
2017-12-14,50.97
2017-12-15,43.49
2017-12-18,41.32
2017-12-19,47.89
2017-12-20,41.5
2017-12-21,36.32
2017-12-22,30.89
2017-12-26,36.59
2017-12-27,39.86
2017-12-28,27.76
2017-12-29,8.11
2018-01-02,45.74
2018-01-03,42.4
2018-01-04,44.46
2018-01-05,46.63
2018-01-08,46.29
2018-01-09,50.02
2018-01-10,48.33
2018-01-11,49.29
2018-01-12,51.74
2018-01-16,63.11
2018-01-17,60.92
2018-01-18,63.26
2018-01-19,55.79
2018-01-22,57.85
2018-01-23,57.09
2018-01-24,63.08
2018-01-25,62.99
2018-01-26,52.33
2018-01-29,81.8
2018-01-30,87.34
2018-01-31,9.5
2018-02-01,77.32
2018-02-02,96.82
2018-02-05,100.0
2018-02-06,85.36
2018-02-07,62.42
2018-02-08,100.0
2018-02-09,79.48
2018-02-12,66.4
2018-02-13,62.26
2018-02-14,51.49
2018-02-15,47.35
2018-02-16,48.21
2018-02-20,52.61
2018-02-21,53.14
2018-02-22,48.69
2018-02-23,33.59
2018-02-26,39.76
2018-02-27,50.05
2018-03-01,55.83
2018-03-02,51.01
2018-03-05,47.52
2018-03-06,47.15
2018-03-07,46.46
2018-03-08,42.58
2018-03-09,37.42
2018-03-12,40.62
2018-03-13,41.6
2018-03-14,41.48
2018-03-15,38.63
2018-03-16,34.76
2018-03-19,51.24
2018-03-20,50.03
2018-03-21,48.92
2018-03-22,72.03
2018-03-23,85.79
2018-03-26,65.19
2018-03-27,72.57
2018-03-28,65.18
2018-03-29,17.21
2018-04-02,69.03
2018-04-03,62.83
2018-04-04,58.28
2018-04-05,54.88
2018-04-06,62.49
2018-04-09,65.74
2018-04-10,59.53
2018-04-11,57.87
2018-04-12,51.73
2018-04-13,48.03
2018-04-16,41.31
2018-04-17,38.93
2018-04-18,37.37
2018-04-19,39.96
2018-04-20,45.4
2018-04-23,44.72
2018-04-24,53.71
2018-04-25,52.37
2018-04-26,37.53
2018-04-27,23.38
2018-05-01,42.59
2018-05-02,43.99
2018-05-03,45.69
2018-05-04,39.85
2018-05-07,39.69
2018-05-08,39.63
2018-05-09,34.96
2018-05-10,32.42
2018-05-11,31.33
2018-05-14,31.31
2018-05-15,35.59
2018-05-16,31.24
2018-05-17,30.67
2018-05-18,30.53
2018-05-21,28.37
2018-05-22,26.82
2018-05-23,23.98
2018-05-24,22.24
2018-05-25,25.35
2018-05-29,44.25
2018-05-30,25.81
2018-05-31,7.22
2018-06-01,33.02
2018-06-04,31.73
2018-06-05,30.9
2018-06-06,28.65
2018-06-07,30.41
2018-06-08,29.32
2018-06-11,31.6
2018-06-12,29.96
2018-06-13,31.57
2018-06-14,27.74
2018-06-15,27.86
2018-06-18,29.36
2018-06-19,32.18
2018-06-20,29.89
2018-06-21,37.7
2018-06-22,31.4
2018-06-25,50.74
2018-06-26,43.13
2018-06-27,55.78
2018-06-28,41.01
2018-07-02,39.61
2018-07-03,41.19
2018-07-05,37.65
2018-07-06,32.38
2018-07-09,28.84
2018-07-10,28.21
2018-07-11,31.54
2018-07-12,27.85
2018-07-13,27.19
2018-07-16,27.03
2018-07-17,25.75
2018-07-18,24.12
2018-07-19,26.42
2018-07-20,26.51
2018-07-23,26.27
2018-07-24,24.95
2018-07-25,22.83
2018-07-26,23.68
2018-07-27,20.46
2018-07-30,25.66
2018-07-31,1.03
2018-08-01,30.0
2018-08-02,29.37
2018-08-03,26.17
2018-08-06,25.71
2018-08-07,25.23
2018-08-08,23.9
2018-08-09,25.44
2018-08-10,30.18
2018-08-13,35.43
2018-08-14,30.14
2018-08-15,35.97
2018-08-16,30.88
2018-08-17,28.01
2018-08-20,27.03
2018-08-21,26.21
2018-08-22,25.65
2018-08-23,26.55
2018-08-24,22.74
2018-08-27,23.85
2018-08-28,22.38
2018-08-29,20.53
2018-08-30,22.93
2018-08-31,1.92
2018-09-04,30.73
2018-09-05,31.12
2018-09-06,34.14
2018-09-07,35.1
2018-09-10,32.11
2018-09-11,29.21
2018-09-12,27.79
2018-09-13,25.08
2018-09-14,24.54
2018-09-17,31.56
2018-09-18,28.85
2018-09-19,25.79
2018-09-20,25.97
2018-09-21,25.58
2018-09-24,30.9
2018-09-25,30.94
2018-09-26,33.55
2018-09-27,25.81
2018-09-28,4.06
2018-10-01,27.77
2018-10-02,27.91
2018-10-03,28.11
2018-10-04,34.67
2018-10-05,38.37
2018-10-08,39.5
2018-10-09,39.8
2018-10-10,63.61
2018-10-11,78.81
2018-10-12,61.67
2018-10-15,63.71
2018-10-16,47.62
2018-10-17,47.7
2018-10-18,58.72
2018-10-19,58.21
2018-10-22,57.77
2018-10-23,65.81
2018-10-24,95.28
2018-10-25,71.24
2018-10-26,93.19
2018-10-29,96.14
2018-10-30,75.36
2018-10-31,16.25
2018-11-01,55.98
2018-11-02,58.31
2018-11-05,56.82
2018-11-06,56.35
2018-11-07,44.37
2018-11-08,44.27
2018-11-09,46.77
2018-11-12,59.87
2018-11-13,59.39
2018-11-14,64.55
2018-11-15,56.46
2018-11-16,53.62
2018-11-19,62.71
2018-11-20,71.21
2018-11-21,58.48
2018-11-23,63.4
2018-11-26,57.24
2018-11-27,57.55
2018-11-28,54.0
2018-11-29,37.85
2018-11-30,5.36
2018-12-03,46.53
2018-12-04,62.71
2018-12-05,63.59
2018-12-06,63.22
2018-12-07,73.43
2018-12-10,68.01
2018-12-11,65.98
2018-12-12,62.54
2018-12-13,57.79
2018-12-14,62.61
2018-12-17,76.26
2018-12-18,80.71
2018-12-19,73.91
2018-12-20,82.33
2018-12-21,92.03
2018-12-24,100.0
2018-12-26,75.35
2018-12-27,76.39
2018-12-28,63.88
2019-01-02,57.7
2019-01-03,65.95
2019-01-04,54.17
2019-01-07,52.79
2019-01-08,49.24
2019-01-09,47.82
2019-01-10,45.94
2019-01-11,42.35
2019-01-14,43.35
2019-01-15,40.02
2019-01-16,38.99
2019-01-17,37.87
2019-01-18,37.19
2019-01-22,49.52
2019-01-23,46.88
2019-01-24,39.69
2019-01-25,37.67
2019-01-28,48.13
2019-01-29,49.93
2019-01-30,39.19
2019-01-31,4.16
2019-02-01,36.35
2019-02-04,33.79
2019-02-05,33.23
2019-02-06,32.91
2019-02-07,35.6
2019-02-08,33.58
2019-02-11,35.57
2019-02-12,33.0
2019-02-13,32.67
2019-02-14,33.93
2019-02-15,28.59
2019-02-19,29.5
2019-02-20,27.69
2019-02-21,28.5
2019-02-22,24.1
2019-02-25,29.71
2019-02-26,25.79
2019-02-27,21.52
2019-03-04,31.61
2019-03-05,32.16
2019-03-06,36.04
2019-03-07,39.68
2019-03-08,37.92
2019-03-11,31.61
2019-03-12,30.57
2019-03-13,29.8
2019-03-14,28.65
2019-03-15,27.43
2019-03-18,29.5
2019-03-19,31.39
2019-03-20,30.49
2019-03-21,30.79
2019-03-22,45.41
2019-03-25,42.64
2019-03-26,35.84
2019-03-27,38.26
2019-03-28,29.62
2019-03-29,0.0
2019-04-01,29.56
2019-04-02,28.39
2019-04-03,29.2
2019-04-04,29.65
2019-04-05,26.96
2019-04-08,27.73
2019-04-09,30.56
2019-04-10,27.59
2019-04-11,26.69
2019-04-12,25.1
2019-04-15,25.54
2019-04-16,25.4
2019-04-18,21.22
2019-04-22,21.93
2019-04-23,21.74
2019-04-24,23.73
2019-04-25,21.2
2019-04-26,17.56
2019-04-29,13.26
2019-04-30,0.0
2019-05-01,31.28
2019-05-02,39.22
2019-05-03,36.28
2019-05-06,40.46
2019-05-07,49.82
2019-05-08,49.22
2019-05-09,49.45
2019-05-10,39.95
2019-05-13,55.39
2019-05-14,47.56
2019-05-15,41.83
2019-05-16,37.22
2019-05-17,40.44
2019-05-20,43.41
2019-05-21,35.48
2019-05-22,34.55
2019-05-23,43.64
2019-05-28,51.78
2019-05-29,47.27
2019-05-30,36.7
2019-05-31,4.45
2019-06-03,49.71
2019-06-04,43.38
2019-06-05,40.5
2019-06-06,39.33
2019-06-10,38.86
2019-06-11,39.73
2019-06-12,38.53
2019-06-13,38.71
2019-06-14,37.3
2019-06-17,37.42
2019-06-18,36.84
2019-06-19,33.18
2019-06-20,33.11
2019-06-21,31.22
2019-06-24,33.3
2019-06-25,35.33
2019-06-26,31.04
2019-06-27,21.49
2019-06-28,6.94
2019-07-01,31.65
2019-07-02,28.52
2019-07-03,27.36
2019-07-05,28.34
2019-07-08,30.76
2019-07-09,31.4
2019-07-10,27.69
2019-07-11,27.28
2019-07-12,25.21
2019-07-15,26.07
2019-07-16,26.66
2019-07-17,30.09
2019-07-18,30.06
2019-07-19,32.78
2019-07-22,30.46
2019-07-23,28.17
2019-07-24,26.63
2019-07-25,28.83
2019-07-26,25.61
2019-07-29,32.05
2019-07-30,38.44
2019-07-31,11.1
2019-08-01,43.54
2019-08-02,45.14
2019-08-05,61.61
2019-08-06,51.59
2019-08-07,50.21
2019-08-08,40.31
2019-08-09,44.26
2019-08-12,55.62
2019-08-13,44.97
2019-08-14,62.56
2019-08-15,58.88
2019-08-16,47.8
2019-08-19,40.4
2019-08-20,45.72
2019-08-21,40.03
2019-08-22,41.65
2019-08-23,61.97
2019-08-26,56.11
2019-08-27,54.62
2019-08-28,48.32
2019-08-29,32.66
2019-09-03,47.8
2019-09-04,40.05
2019-09-06,31.68
2019-09-09,31.4
2019-09-10,31.2
2019-09-11,30.19
2019-09-12,28.36
2019-09-13,27.64
2019-09-16,30.38
2019-09-17,30.01
2019-09-18,28.77
2019-09-19,26.67
2019-09-20,29.28
2019-09-23,27.43
2019-09-24,35.15
2019-09-25,29.01
2019-09-26,26.14
2019-09-27,25.88
2019-09-30,6.48
2019-10-01,46.89
2019-10-02,53.71
2019-10-03,50.32
2019-10-04,42.81
2019-10-07,45.24
2019-10-08,54.01
2019-10-09,49.21
2019-10-10,46.75
2019-10-11,40.36
2019-10-14,36.93
2019-10-15,31.63
2019-10-16,31.44
2019-10-17,30.26
2019-10-18,31.92
2019-10-21,29.49
2019-10-22,30.81
2019-10-23,28.19
2019-10-24,25.2
2019-10-25,22.93
2019-10-28,26.05
2019-10-29,29.04
2019-10-30,21.6
2019-10-31,7.35
2019-11-01,26.77
2019-11-04,26.85
2019-11-05,27.44
2019-11-06,26.04
2019-11-07,25.82
2019-11-08,23.58
2019-11-11,25.39
2019-11-12,25.38
2019-11-13,25.29
2019-11-14,25.03
2019-11-15,21.47
2019-11-18,22.32
2019-11-19,20.52
2019-11-20,20.81
2019-11-21,21.0
2019-11-22,15.64
2019-11-25,14.44
2019-11-26,13.24
2019-11-27,9.12
2019-11-29,7.21
2019-12-02,33.92
2019-12-03,37.89
2019-12-04,35.12
2019-12-05,34.02
2019-12-06,30.09
2019-12-09,34.1
2019-12-10,34.39
2019-12-11,32.35
2019-12-12,27.86
2019-12-13,23.01
2019-12-16,22.04
2019-12-17,21.48
2019-12-18,21.09
2019-12-19,17.18
2019-12-20,18.13
2019-12-23,16.91
2019-12-24,16.16
2019-12-26,14.21
2019-12-27,17.84
2019-12-30,25.16
2019-12-31,0.0
2020-01-02,27.65
2020-01-03,33.26
2020-01-06,31.8
2020-01-07,41.78
2020-01-08,40.6
2020-01-09,40.91
2020-01-10,42.06
2020-01-13,38.51
2020-01-14,41.08
2020-01-15,39.17
2020-01-16,36.38
2020-01-17,34.86
2020-01-21,42.03
2020-01-22,40.92
2020-01-23,39.83
2020-01-24,55.96
2020-01-27,82.69
2020-01-28,69.29
2020-01-29,60.43
2020-01-30,44.47
2020-01-31,12.59
2020-02-03,68.98
2020-02-04,58.56
2020-02-05,52.57
2020-02-06,49.45
2020-02-07,53.66
2020-02-10,51.42
2020-02-11,49.97
2020-02-12,43.66
2020-02-13,46.34
2020-02-14,42.83
2020-02-18,46.78
2020-02-19,43.0
2020-02-20,47.93
2020-02-21,60.2
2020-02-24,100.0
2020-02-25,100.0
2020-02-26,87.05
2020-02-27,100.0
2020-03-02,65.02
2020-03-03,82.68
2020-03-04,63.02
2020-03-05,85.19
2020-03-06,91.02
2020-03-09,100.0
2020-03-10,83.3
2020-03-11,100.0
2020-03-12,100.0
2020-03-13,70.18
2020-03-17,97.25
2020-03-18,100.0
2020-03-19,98.5
2020-03-24,86.99
2020-03-25,93.22
2020-03-26,74.99
2020-03-27,70.35
2020-03-30,57.45
2020-03-31,5.69
2020-04-01,66.37
2020-04-02,58.24
2020-04-03,54.15
2020-04-06,48.93
2020-04-07,52.63
2020-04-08,48.31
2020-04-09,47.75
2020-04-13,48.43
2020-04-14,43.56
2020-04-15,46.99
2020-04-16,45.17
2020-04-17,40.73
2020-04-20,47.67
2020-04-21,52.58
2020-04-22,44.2
2020-04-23,41.83
2020-04-24,32.99
2020-04-27,30.85
2020-04-28,34.36
2020-04-29,25.73
2020-04-30,8.31
2020-05-01,40.8
2020-05-04,38.29
2020-05-05,35.7
2020-05-06,36.43
2020-05-07,33.68
2020-05-08,27.89
2020-05-11,27.49
2020-05-12,33.85
2020-05-13,38.39
2020-05-14,34.62
2020-05-15,32.61
2020-05-18,28.6
2020-05-19,31.16
2020-05-20,27.28
2020-05-21,27.33
2020-05-22,24.43
2020-05-26,25.97
2020-05-27,25.23
2020-05-28,24.12
2020-05-29,2.74
2020-06-01,29.2
2020-06-02,26.97
2020-06-03,25.76
2020-06-04,26.24
2020-06-05,24.41
2020-06-08,26.19
2020-06-09,28.57
2020-06-10,28.66
2020-06-11,45.09
2020-06-12,38.95
2020-06-15,37.36
2020-06-16,37.74
2020-06-17,36.12
2020-06-19,34.01
2020-06-22,31.86
2020-06-23,30.98
2020-06-24,35.6
2020-06-25,28.53
2020-06-26,30.74
2020-06-29,22.42
2020-07-01,29.32
2020-07-02,28.32
2020-07-06,27.93
2020-07-07,30.74
2020-07-08,28.49
2020-07-09,30.34
2020-07-10,27.85
2020-07-13,33.17
2020-07-14,29.99
2020-07-15,28.55
2020-07-16,27.71
2020-07-17,24.94
2020-07-20,23.73
2020-07-21,25.15
2020-07-22,22.88
2020-07-23,26.2
2020-07-24,23.79
2020-07-27,23.21
2020-07-28,25.74
2020-07-29,20.92
2020-08-03,23.99
2020-08-04,23.06
2020-08-05,21.58
2020-08-06,20.59
2020-08-07,20.35
2020-08-10,20.16
2020-08-11,23.32
2020-08-12,19.92
2020-08-13,19.65
2020-08-14,18.89
2020-08-17,17.97
2020-08-18,17.39
2020-08-19,18.31
2020-08-20,16.94
2020-08-21,15.82
2020-08-24,15.05
2020-08-25,14.3
2020-08-26,17.46
2020-08-27,16.22
2020-08-28,8.88
2020-08-31,6.75
2020-09-01,23.87
2020-09-02,24.68
2020-09-03,31.94
2020-09-04,29.8
2020-09-08,33.31
2020-09-09,29.88
2020-09-10,31.52
2020-09-11,28.54
2020-09-14,26.71
2020-09-15,26.22
2020-09-16,26.12
2020-09-17,26.93
2020-09-18,25.83
2020-09-21,30.08
2020-09-22,26.82
2020-09-23,29.7
2020-09-24,27.39
2020-09-25,22.91
2020-09-28,24.48
2020-09-29,25.14
2020-09-30,9.17
2020-10-01,29.15
2020-10-02,29.59
2020-10-05,27.91
2020-10-06,29.84
2020-10-07,26.9
2020-10-08,24.78
2020-10-09,22.53
2020-10-12,22.82
2020-10-13,24.23
2020-10-14,25.17
2020-10-15,24.81
2020-10-16,24.56
2020-10-19,27.53
2020-10-20,27.45
2020-10-21,26.59
2020-10-22,25.09
2020-10-23,22.45
2020-10-26,31.51
2020-10-27,27.55
2020-10-28,40.51
2020-10-29,29.1
2020-11-02,39.72
2020-11-03,36.48
2020-11-04,30.77
2020-11-05,28.38
2020-11-06,25.3
2020-11-09,25.83
2020-11-10,24.99
2020-11-11,22.1
2020-11-12,24.54
2020-11-13,21.51
2020-11-16,19.9
2020-11-17,19.99
2020-11-18,21.59
2020-11-19,19.64
2020-11-20,19.82
2020-11-23,17.22
2020-11-24,14.98
2020-11-25,11.97
2020-11-30,4.38
2020-12-01,21.52
2020-12-02,21.24
2020-12-03,21.69
2020-12-04,20.18
2020-12-07,20.02
2020-12-08,19.18
2020-12-09,20.78
2020-12-10,20.8
2020-12-11,21.34
2020-12-14,23.25
2020-12-15,19.84
2020-12-16,18.88
2020-12-17,18.09
2020-12-18,17.91
2020-12-21,21.77
2020-12-22,19.96
2020-12-23,16.71
2020-12-28,14.75
2020-12-29,15.24
2020-12-30,12.39
2020-12-31,1.25
2021-01-04,26.62
2021-01-05,24.68
2021-01-06,25.0
2021-01-07,21.38
2021-01-08,20.48
2021-01-11,24.06
2021-01-12,22.34
2021-01-13,20.81
2021-01-14,22.23
2021-01-15,21.54
2021-01-19,20.6
2021-01-20,17.42
2021-01-21,15.87
2021-01-22,15.71
2021-01-25,18.31
2021-01-26,18.89
2021-01-27,37.18
2021-01-28,26.08
2021-03-01,21.11
2021-03-02,22.63
2021-03-03,25.83
2021-03-04,28.86
2021-03-05,23.71
2021-03-08,26.34
2021-03-09,23.24
2021-03-10,21.13
2021-03-11,19.58
2021-03-12,18.13
2021-03-15,16.88
2021-03-16,17.08
2021-03-17,16.08
2021-03-18,19.39
2021-03-19,17.08
2021-03-22,15.09
2021-03-23,17.67
2021-03-24,18.09
2021-03-25,15.21
2021-03-26,13.69
2021-03-29,17.55
2021-03-30,15.88
2021-04-01,15.64
2021-04-05,16.02
2021-04-06,16.38
2021-04-07,15.35
2021-04-08,15.2
2021-04-09,14.59
2021-04-12,14.98
2021-04-13,14.96
2021-04-14,15.65
2021-04-15,14.2
2021-04-16,13.39
2021-04-19,15.52
2021-04-20,17.27
2021-04-21,14.33
2021-04-22,17.18
2021-04-23,12.33
2021-04-26,13.71
2021-04-27,13.66
2021-05-03,16.56
2021-05-04,18.27
2021-05-05,17.95
2021-05-06,17.49
2021-05-07,15.52
2021-05-10,23.7
2021-05-11,30.21
2021-05-12,43.69
2021-05-13,35.79
2021-05-14,25.38
2021-05-17,31.94
2021-05-18,37.33
2021-05-19,39.28
2021-05-20,33.31
2021-05-21,32.33
2021-05-24,25.21
2021-05-25,26.95
2021-05-26,22.38
2021-05-27,18.0
2021-05-28,0.0
2021-06-01,30.81
2021-06-02,28.81
2021-06-03,30.55
2021-06-04,31.45
2021-06-07,31.01
2021-06-08,32.31
2021-06-09,34.5
2021-06-10,28.35
2021-06-11,26.44
2021-06-14,28.33
2021-06-15,30.65
2021-06-16,33.32
2021-06-17,30.57
2021-06-18,42.18
2021-06-21,29.26
2021-06-22,24.61
2021-06-23,23.8
2021-06-24,20.23
2021-06-25,17.89
2021-06-28,19.29
2021-06-29,14.97
2021-06-30,4.04
2021-07-01,28.34
2021-07-02,27.54
2021-07-06,29.47
2021-07-07,29.76
2021-07-08,36.35
2021-07-09,28.58
2021-07-12,28.8
2021-07-13,32.39
2021-07-14,30.01
2021-07-15,31.62
2021-07-16,37.08
2021-07-19,49.34
2021-07-20,39.07
2021-07-21,30.58
2021-07-22,27.59
2021-07-23,25.12
2021-07-26,27.57
2021-07-27,38.4
2021-07-28,31.57
2021-07-29,21.17
2021-07-30,0.05
2021-08-03,36.11
2021-08-04,37.64
2021-08-05,34.89
2021-08-06,32.4
2021-08-10,32.31
2021-08-11,29.65
2021-08-12,27.9
2021-08-13,24.4
2021-08-16,25.98
2021-08-17,32.72
2021-08-18,46.68
2021-08-19,45.37
2021-08-20,30.38
2021-08-23,24.37
2021-08-24,23.02
2021-08-25,20.08
2021-08-26,29.6
2021-08-27,11.94
2021-09-01,32.76
2021-09-02,32.29
2021-09-03,31.34
2021-09-08,34.85
2021-09-10,45.94
2021-09-13,42.07
2021-09-14,44.23
2021-09-16,36.94
2021-09-17,44.08
2021-09-20,64.52
2021-09-21,60.57
2021-09-22,46.99
2021-09-23,35.88
2021-09-24,30.44
2021-09-27,30.82
2021-09-28,64.88
2021-09-29,50.49
2021-09-30,7.85
2021-10-01,53.94
2021-10-04,61.1
2021-10-05,55.19
2021-10-06,53.49
2021-10-07,46.97
2021-10-08,46.11
2021-10-11,51.25
2021-10-12,49.15
2021-10-13,45.48
2021-10-14,35.62
2021-10-15,32.26
2021-10-18,32.61
2021-10-19,29.5
2021-10-20,28.86
2021-10-21,25.64
2021-10-22,25.27
2021-10-25,25.76
2021-10-26,29.96
2021-10-27,31.96
2021-10-28,22.57
2021-10-29,0.0
2021-11-01,35.93
2021-11-02,35.22
2021-11-03,32.75
2021-11-04,32.14
2021-11-05,33.73
2021-11-08,33.7
2021-11-09,36.15
2021-11-10,39.5
2021-11-11,36.48
2021-11-12,30.85
2021-11-15,30.28
2021-11-16,29.56
2021-11-17,28.73
2021-11-18,28.05
2021-11-19,27.68
2021-11-22,33.55
2021-11-23,30.88
2021-11-24,26.14
2021-11-26,63.15
2021-11-29,34.37
2021-11-30,7.02
2021-12-01,76.98
2021-12-02,66.6
2021-12-03,71.95
2021-12-06,63.32
2021-12-07,49.75
2021-12-08,44.73
2021-12-09,49.45
2021-12-10,40.63
2021-12-13,47.42
2021-12-14,53.53
2021-12-15,41.97
2021-12-16,49.89
2021-12-17,55.01
2021-12-20,66.29
2021-12-21,53.34
2021-12-22,41.16
2021-12-23,35.18
2021-12-27,33.65
2021-12-28,34.6
2021-12-29,27.43
2021-12-30,28.09
2021-12-31,9.35
2022-01-03,38.31
2022-01-04,38.38
2022-01-05,49.69
2022-01-06,50.18
2022-01-07,48.2
2022-01-10,49.47
2022-01-11,46.31
2022-01-12,44.56
2022-01-13,54.86
2022-01-14,51.25
2022-01-17,56.14
2022-01-18,66.38
2022-01-19,67.62
2022-01-20,70.86
2022-01-21,86.7
2022-01-24,99.02
2022-01-25,100.0
2022-01-26,95.8
2022-01-27,88.96
2022-01-28,57.14
2022-02-01,56.19
2022-02-02,49.78
2022-02-03,68.06
2022-02-04,60.65
2022-02-07,60.37
2022-02-08,54.72
2022-02-09,48.98
2022-02-10,61.39
2022-02-11,73.05
2022-02-14,75.1
2022-02-15,61.58
2022-02-16,55.68
2022-02-17,74.31
2022-02-18,75.43
2022-02-21,87.84
2022-02-22,80.88
2022-02-23,81.18
2022-02-24,69.72
2022-02-25,55.73
2022-02-28,44.2
2022-03-01,93.16
2022-03-02,82.53
2022-03-03,82.05
2022-03-04,87.65
2022-03-07,100.0
2022-03-08,97.64
2022-03-09,88.88
2022-03-10,84.95
2022-03-11,87.92
2022-03-14,93.94
2022-03-15,86.1
2022-03-16,72.62
2022-03-17,66.23
2022-03-18,62.4
2022-03-21,62.78
2022-03-22,59.74
2022-03-23,62.3
2022-03-24,53.83
2022-03-25,46.91
2022-03-28,45.77
2022-03-29,43.56
2022-03-30,39.87
2022-03-31,21.78
2022-04-01,48.79
2022-04-04,43.71
2022-04-05,52.42
2022-04-06,55.69
2022-04-07,53.59
2022-04-08,52.7
2022-04-11,64.14
2022-04-12,64.68
2022-04-13,54.6
2022-04-14,58.12
2022-04-15,60.37
2022-04-18,60.27
2022-04-19,53.54
2022-04-20,54.67
2022-04-21,61.86
2022-04-22,79.62
2022-04-25,84.8
2022-04-26,100.0
2022-04-27,90.13
2022-04-28,61.92
2022-05-02,80.82
2022-05-03,75.98
2022-05-04,64.05
2022-05-05,82.1
2022-05-06,78.27
2022-05-09,92.34
2022-05-10,88.89
2022-05-12,88.3
2022-05-13,77.95
2022-05-16,74.54
2022-05-17,68.96
2022-05-18,80.43
2022-05-19,77.68
2022-05-20,75.24
2022-05-23,72.69
2022-05-24,74.87
2022-05-25,67.48
2022-05-26,54.56
2022-05-27,38.91
2022-05-30,65.07
2022-05-31,14.68
2022-06-01,70.6
2022-06-02,66.57
2022-06-03,68.43
2022-06-06,68.85
2022-06-07,65.97
2022-06-08,66.27
2022-06-09,74.11
2022-06-10,79.05
2022-06-13,98.0
2022-06-14,91.14
2022-06-15,85.52
2022-06-16,91.57
2022-06-20,90.36
2022-06-21,81.79
2022-06-22,77.32
2022-06-23,76.36
2022-06-27,76.71
2022-06-28,80.93
2022-06-29,74.88
2022-06-30,100.0
2022-07-01,61.6
2022-07-04,63.63
2022-07-05,64.32
2022-07-06,62.95
2022-07-07,59.5
2022-07-08,56.54
2022-07-11,61.4
2022-07-12,64.51
2022-07-13,63.48
2022-07-14,62.8
2022-07-15,55.36
2022-07-18,60.75
2022-07-19,59.39
2022-07-20,56.93
2022-07-21,51.09
2022-07-22,50.73
2022-07-25,58.84
2022-07-26,69.82
2022-07-27,51.29
2022-07-28,43.03
2022-07-29,2.11
2022-08-01,48.74
2022-08-02,51.37
2022-08-03,46.84
2022-08-04,45.97
2022-08-05,43.88
2022-08-08,44.85
2022-08-09,46.46
2022-08-10,40.63
2022-08-11,41.69
2022-08-12,39.63
2022-08-15,40.54
2022-08-16,39.91
2022-08-17,41.6
2022-08-18,38.35
2022-08-19,39.77
2022-08-22,49.65
2022-08-23,49.5
2022-08-24,45.95
2022-08-25,43.82
2022-08-26,46.62
2022-08-29,52.03
2022-08-30,47.85
2022-08-31,2.85
2022-09-01,55.63
2022-09-02,57.13
2022-09-05,58.91
2022-09-06,60.15
2022-09-07,54.85
2022-09-08,52.07
2022-09-09,50.02
2022-09-12,54.13
2022-09-13,61.1
2022-09-14,58.92
2022-09-15,60.55
2022-09-16,61.17
2022-09-19,63.21
2022-09-20,70.13
2022-09-21,71.44
2022-09-22,64.13
2022-09-23,69.53
2022-09-26,86.67
2022-09-27,83.33
2022-09-28,73.15
2022-09-29,76.1
2022-09-30,9.21
2022-10-03,64.52
2022-10-04,62.03
2022-10-05,61.18
2022-10-06,65.32
2022-10-07,66.88
2022-10-10,69.73
2022-10-11,72.03
2022-10-12,73.59
2022-10-13,68.75
2022-10-14,66.47
2022-10-17,65.35
2022-10-18,64.19
2022-10-19,63.72
2022-10-20,60.67
2022-10-21,59.16
2022-10-24,62.22
2022-10-25,51.44
2022-10-26,52.53
2022-10-27,43.65
2022-10-28,34.98
2022-10-31,4.21
2022-11-01,58.49
2022-11-02,58.8
2022-11-03,57.64
2022-11-04,55.56
2022-11-07,55.2
2022-11-08,56.78
2022-11-09,57.96
2022-11-10,50.56
2022-11-11,45.56
2022-11-14,46.66
2022-11-15,46.18
2022-11-16,44.23
2022-11-17,42.7
2022-11-18,40.0
2022-11-21,38.45
2022-11-22,34.94
2022-11-23,28.59
2022-11-24,31.67
2022-11-25,28.66
2022-11-28,45.39
2022-11-29,52.7
2022-11-30,21.44
2022-12-01,43.82
2022-12-02,41.86
2022-12-05,45.6
2022-12-06,49.99
2022-12-07,51.77
2022-12-08,49.8
2022-12-09,50.4
2022-12-12,56.74
2022-12-13,47.5
2022-12-14,42.26
2022-12-15,44.38
2022-12-19,43.11
2022-12-20,41.54
2022-12-21,36.18
2022-12-22,40.15
2022-12-23,34.63
2022-12-26,44.97
2022-12-27,40.55
2022-12-28,45.83
2022-12-29,33.66
2022-12-30,3.57
2023-01-04,46.52
2023-01-05,47.89
2023-01-06,43.36
2023-01-09,45.98
2023-01-10,43.09
2023-01-11,44.49
2023-01-12,35.49
2023-01-13,31.49
2023-01-17,33.35
2023-01-18,35.4
2023-01-19,36.68
2023-01-20,33.06
2023-01-23,35.48
2023-01-24,35.2
2023-01-25,34.13
2023-01-26,31.75
2023-01-27,26.22
2023-01-30,36.3
2023-02-01,36.67
2023-02-02,35.84
2023-02-03,36.95
2023-02-06,39.95
2023-02-07,37.44
2023-02-08,39.99
2023-02-09,44.25
2023-02-10,42.98
2023-02-13,41.98
2023-02-14,35.07
2023-02-15,31.86
2023-02-16,37.42
2023-02-17,34.31
2023-02-21,44.09
2023-02-22,38.9
2023-02-23,33.72
2023-02-24,30.65
2023-02-27,33.19
2023-03-01,46.16
2023-03-02,44.41
2023-03-03,40.68
2023-03-06,41.57
2023-03-07,44.91
2023-03-08,43.87
2023-03-09,52.7
2023-03-10,55.91
2023-03-13,63.81
2023-03-14,52.54
2023-03-15,59.33
2023-03-16,50.05
2023-03-17,58.41
2023-03-20,55.59
2023-03-21,48.79
2023-03-22,51.93
2023-03-23,50.38
2023-03-24,45.29
2023-03-27,44.71
2023-03-28,41.54
2023-03-29,34.47
2023-03-30,27.65
2023-03-31,0.97
2023-04-03,36.42
2023-04-04,36.82
2023-04-05,37.16
2023-04-06,35.24
2023-04-10,35.61
2023-04-11,35.98
2023-04-12,34.89
2023-04-13,31.44
2023-04-14,28.72
2023-04-17,28.66
2023-04-18,28.65
2023-04-19,28.03
2023-04-20,29.35
2023-04-21,26.79
2023-04-24,29.03
2023-04-25,40.91
2023-04-26,35.37
2023-04-27,28.93
2023-04-28,0.0
2023-05-01,31.22
2023-05-02,35.6
2023-05-03,37.82
2023-05-04,41.19
2023-05-05,32.81
2023-05-08,31.39
2023-05-09,33.78
2023-05-10,30.82
2023-05-11,29.68
2023-05-12,28.91
2023-05-15,28.44
2023-05-16,31.34
2023-05-17,28.5
2023-05-18,26.53
2023-05-19,27.65
2023-05-22,28.16
2023-05-23,31.51
2023-05-24,34.01
2023-05-25,32.1
2023-05-26,27.46
2023-05-30,27.64
2023-05-31,0.0
2023-06-01,30.15
2023-06-02,27.93
2023-06-05,28.46
2023-06-06,26.59
2023-06-07,26.41
2023-06-08,25.27
2023-06-09,25.44
2023-06-12,28.28
2023-06-13,27.53
2023-06-14,25.96
2023-06-15,27.5
2023-06-16,24.39
2023-06-20,27.08
2023-06-21,24.86
2023-06-22,22.72
2023-06-23,22.81
2023-06-26,25.05
2023-06-27,25.85
2023-06-28,25.84
2023-06-29,24.88
2023-06-30,10.87
2023-07-03,29.4
2023-07-05,31.07
2023-07-06,33.53
2023-07-07,32.0
2023-07-10,32.66
2023-07-11,32.4
2023-07-12,28.69
2023-07-13,29.37
2023-07-14,27.87
2023-07-17,28.79
2023-07-18,29.15
2023-07-19,29.66
2023-07-20,29.54
2023-07-21,27.86
2023-07-24,29.85
2023-07-25,31.22
2023-07-26,22.51
2023-07-27,25.74
2023-07-28,15.23
2023-07-31,1.25
2023-08-01,31.83
2023-08-02,36.42
2023-08-03,37.06
2023-08-04,38.02
2023-08-07,34.97
2023-08-08,36.62
2023-08-09,38.24
2023-08-10,37.58
2023-08-11,35.59
2023-08-14,34.83
2023-08-15,39.3
2023-08-16,40.35
2023-08-17,42.94
2023-08-18,40.75
2023-08-21,40.33
2023-08-22,40.04
2023-08-23,37.19
2023-08-24,39.0
2023-08-25,32.31
2023-08-28,33.57
2023-08-29,31.59
2023-08-30,26.49
2023-09-01,30.31
2023-09-05,32.31
2023-09-06,33.42
2023-09-07,33.97
2023-09-08,31.83
2023-09-11,31.25
2023-09-12,33.38
2023-09-13,30.12
2023-09-14,26.58
2023-09-15,30.07
2023-09-18,32.41
2023-09-19,33.51
2023-09-20,36.02
2023-09-21,41.94
2023-09-22,41.44
2023-09-25,43.24
2023-09-26,51.63
2023-09-27,50.78
2023-09-28,43.82
2023-09-29,3.24
2023-10-02,45.35
2023-10-03,55.48
2023-10-04,51.13
2023-10-05,52.41
2023-10-06,48.96
2023-10-09,49.36
2023-10-10,45.94
2023-10-11,43.18
2023-10-12,44.37
2023-10-13,50.61
2023-10-16,45.73
2023-10-17,46.68
2023-10-18,56.17
2023-10-19,62.97
2023-10-20,62.61
2023-10-23,64.0
2023-10-24,58.85
2023-10-25,63.36
2023-10-26,62.55
2023-10-27,55.25
2023-10-30,38.34
2023-11-01,55.08
2023-11-02,49.82
2023-11-03,46.27
2023-11-06,45.86
2023-11-07,45.27
2023-11-08,43.7
2023-11-09,47.07
2023-11-10,41.83
2023-11-13,44.67
2023-11-14,39.38
2023-11-15,38.34
2023-11-16,35.97
2023-11-17,34.51
2023-11-20,33.24
2023-11-21,34.53
2023-11-22,29.39
2023-11-24,26.3
2023-11-27,32.04
2023-11-28,31.19
2023-11-29,32.01
2023-12-01,38.83
2023-12-04,41.05
2023-12-05,40.34
2023-12-06,40.87
2023-12-07,40.91
2023-12-08,37.42
2023-12-11,38.07
2023-12-12,33.54
2023-12-13,34.45
2023-12-14,33.7
2023-12-15,33.16
2023-12-18,34.19
2023-12-19,33.39
2023-12-20,40.07
2023-12-21,39.1
2023-12-22,35.55
2023-12-26,37.61
2023-12-27,33.83
2023-12-28,31.37
